constraint_level,annual_return,max_drawdown,return_impact,dd_improvement
none,33.43,12.0,0.0,0.0
single_stock,31.758499999999994,11.399999999999999,-5.000000000000004,5.000000000000004
single_and_industry,30.086999999999996,10.56,-9.999999999999998,12.0
full,28.415499999999998,9.6,-15.000000000000002,19.999999999999996
