industry,code,original_weight,new_weight
机械设备,000001,0.0313205039613055,0.022805323741090393
机械设备,000007,0.04261109915560301,0.03102631785260473
机械设备,000009,0.055669495186421926,0.0405344965648665
机械设备,000017,0.07482527178180043,0.0544823464241572
机械设备,000018,0.0671982193795997,0.04892887897557025
机械设备,000020,0.07172181855920541,0.05222263644171095
